Station Name,Available Docks,Percent Full,Docks in Service,Latitude,Longitude,Timestamp
2112 W Peterson Ave,27,31,39,41.876535,-87.620473,5/7/2022 23:35
63rd St Beach,46,10,51,41.867226,-87.615355,5/7/2022 23:35
900 W Harrison St,22,0,22,41.857412,-87.613792,5/7/2022 23:35
Aberdeen St & Jackson Blvd,12,45,22,41.874053,-87.627716,5/7/2022 23:35
Aberdeen St & Monroe St,27,23,35,41.886976,-87.612813,5/7/2022 23:35
Aberdeen St & Randolph St,14,18,17,41.886349,-87.617517,5/7/2022 23:35
Ada St & 113th St,11,27,15,41.828792,-87.680604,5/7/2022 23:35
Ada St & Washington Blvd,7,30,10,41.766638,-87.57645,5/7/2022 23:35
Adler Planetarium,7,53,15,41.766409,-87.565688,5/7/2022 23:35
Albany Ave & 16th St,12,25,16,41.932418,-87.652705,5/7/2022 23:35
Albany Ave & 26th St,6,54,13,41.858086,-87.651073,5/7/2022 23:35
Albany Ave & Belmont Ave,3,77,13,41.858166,-87.656495,5/7/2022 23:35
Albany Ave & Bloomingdale Ave,8,47,15,41.909855,-87.66993,5/7/2022 23:35
Albany Ave & Douglas Blvd,18,14,21,41.903119,-87.673935,5/7/2022 23:35
Albany Ave & Montrose Ave,9,40,15,41.883143,-87.637242,5/7/2022 23:35
Altgeld Gardens,14,7,15,41.868968,-87.659141,5/7/2022 23:35
Archer (Damen) Ave & 37th St,9,40,15,41.910522,-87.653106,5/7/2022 23:35
Archer Ave & 43rd St,18,22,23,41.877726,-87.654787,5/7/2022 23:35
Artesian Ave & 55th St,14,7,15,41.869482,-87.655486,5/7/2022 23:35
Artesian Ave & Hubbard St,12,20,15,41.902924,-87.637715,5/7/2022 23:35
Ashland Ave & 13th St,3,77,13,41.891847,-87.62058,5/7/2022 23:35
Ashland Ave & 50th St,9,59,22,41.89766,-87.62351,5/7/2022 23:35
Ashland Ave & 63rd St,5,83,30,41.890847,-87.618617,5/7/2022 23:35
Ashland Ave & 66th St,11,39,18,41.91021,-87.6435,5/7/2022 23:35
Ashland Ave & 74th St,2,87,15,41.91468,-87.64332,5/7/2022 23:35
Ashland Ave & 78th St,13,13,15,41.90068,-87.6626,5/7/2022 23:35
Ashland Ave & Archer Ave,14,0,14,41.899643,-87.6677,5/7/2022 23:35
Ashland Ave & Augusta Blvd,20,13,23,41.896747,-87.635668,5/7/2022 23:35
Ashland Ave & Belle Plaine Ave,4,79,19,41.87464,-87.65703,5/7/2022 23:35
Ashland Ave & Blackhawk St,26,4,27,41.877181,-87.627844,5/7/2022 23:35
Ashland Ave & Chicago Ave,10,29,14,41.926756,-87.634429,5/7/2022 23:35
Ashland Ave & Division St,8,80,40,41.892278,-87.612043,5/7/2022 23:35
Ashland Ave & Garfield Blvd,37,5,39,41.877708,-87.635321,5/7/2022 23:35
Ashland Ave & Grace St,17,6,18,41.879356,-87.629791,5/7/2022 23:35
Ashland Ave & Grand Ave,14,48,27,41.886021,-87.630876,5/7/2022 23:35
Ashland Ave & Lake St,17,26,23,41.879472,-87.625689,5/7/2022 23:35
Ashland Ave & McDowell Ave,10,33,15,41.879344,-87.631985,5/7/2022 23:35
Ashland Ave & Pershing Rd,1,94,17,41.872078,-87.629544,5/7/2022 23:35
Ashland Ave & Wellington Ave,3,73,11,41.852619,-87.626488,5/7/2022 23:35
Ashland Ave & Wrightwood Ave,42,2,43,41.883984,-87.624684,5/7/2022 23:35
Augusta Blvd & Laramie Ave,10,52,21,41.884621,-87.627834,5/7/2022 23:35
Austin Blvd & Chicago Ave,10,33,15,41.876243,-87.624426,5/7/2022 23:35
Austin Blvd & Lake St,16,16,19,41.89993,-87.63443,5/7/2022 23:35
Austin Blvd & Madison St,23,23,30,41.889375,-87.627077,5/7/2022 23:35
Avenue L & 114th St,41,5,43,41.897764,-87.642884,5/7/2022 23:35
Avenue O & 118th St,31,18,38,41.88132,-87.629521,5/7/2022 23:35
Avenue O & 134th St,31,9,34,41.875933,-87.630585,5/7/2022 23:35
Avers Ave & Belmont Ave,30,29,42,41.884576,-87.63189,5/7/2022 23:35
Avondale Ave & Irving Park Rd,8,76,33,41.886024,-87.624117,5/7/2022 23:35
Baltimore Ave & 87th St,18,33,27,41.894722,-87.634362,5/7/2022 23:35
Bennett Ave & 79th St,18,5,19,41.896362,-87.654061,5/7/2022 23:35
Benson Ave & Church St,8,64,22,41.867324,-87.648625,5/7/2022 23:35
Bernard St & Elston Ave,25,4,26,41.888716,-87.644448,5/7/2022 23:35
Big Marsh Park,13,13,15,41.867118,-87.641088,5/7/2022 23:35
Bissell St & Armitage Ave,6,73,22,41.916433,-87.666746,5/7/2022 23:35
Bissell St & Armitage Ave*,22,0,22,41.867227,-87.625961,5/7/2022 23:35
Blackstone Ave & Hyde Park Blvd,8,58,19,41.910578,-87.649422,5/7/2022 23:35
Bloomingdale Ave & Harlem Ave,5,72,18,41.907655,-87.672552,5/7/2022 23:35
Blue Island Ave & 18th St,17,37,27,41.851375,-87.618835,5/7/2022 23:35
Bosworth Ave & Howard St,17,26,23,41.885637,-87.641823,5/7/2022 23:35
Bradley Park,19,24,25,41.925602,-87.653708,5/7/2022 23:35
Broadway & Argyle St,14,39,23,41.875885,-87.640795,5/7/2022 23:35
Broadway & Barry Ave,17,23,22,41.909396,-87.677692,5/7/2022 23:35
Broadway & Belmont Ave,9,61,23,41.885779,-87.651025,5/7/2022 23:35
Broadway & Berwyn Ave,33,13,38,41.860384,-87.625813,5/7/2022 23:35
Broadway & Cornelia Ave,13,32,19,41.88033,-87.642746,5/7/2022 23:35
Broadway & Granville Ave,10,52,21,41.893808,-87.641697,5/7/2022 23:35
Broadway & Ridge Ave,34,21,43,41.877245,-87.639366,5/7/2022 23:35
Broadway & Sheridan Rd,13,63,35,41.880958,-87.616743,5/7/2022 23:35
Broadway & Thorndale Ave,26,16,31,41.882242,-87.641066,5/7/2022 23:35
Broadway & Waveland Ave,12,33,18,41.880419,-87.655519,5/7/2022 23:35
Broadway & Wilson - Truman College Vaccination Site,20,49,39,41.884241,-87.629634,5/7/2022 23:35
Buckingham Fountain,3,82,17,41.891578,-87.648384,5/7/2022 23:35
Budlong Woods Library,5,75,20,41.90096,-87.623777,5/7/2022 23:35
Burling St & Diversey Pkwy,7,63,19,41.896373,-87.660984,5/7/2022 23:35
Burnham Greenway & 105th St,10,41,17,41.925563,-87.658404,5/7/2022 23:35
Burnham Greenway & 112th St,16,16,19,41.884069,-87.656853,5/7/2022 23:35
Burnham Harbor,26,13,30,41.875024,-87.633094,5/7/2022 23:35
California & 16th St,30,35,46,41.881032,-87.624084,5/7/2022 23:35
California Ave & 21st St,15,50,30,41.88338,-87.64117,5/7/2022 23:35
California Ave & 23rd Pl,6,68,19,41.894556,-87.653449,5/7/2022 23:35
California Ave & 26th St,11,15,13,41.913688,-87.652855,5/7/2022 23:35
California Ave & 29th St,11,58,26,41.918306,-87.636282,5/7/2022 23:35
California Ave & 36th St,7,36,11,41.778881,-87.586647,5/7/2022 23:35
California Ave & Altgeld St,11,52,23,41.884616,-87.644571,5/7/2022 23:35
California Ave & Berteau Ave,33,40,55,41.865312,-87.617867,5/7/2022 23:35
California Ave & Byron St,9,36,14,41.882664,-87.63253,5/7/2022 23:35
California Ave & Cortez St,2,89,18,41.892592,-87.617289,5/7/2022 23:35
California Ave & Division St,29,17,35,41.888243,-87.63639,5/7/2022 23:35
California Ave & Fletcher St,2,87,15,41.780911,-87.576324,5/7/2022 23:35
California Ave & Francis Pl (Temp),8,27,11,41.773458,-87.58534,5/7/2022 23:35
California Ave & Lake St,13,13,15,41.871467,-87.640949,5/7/2022 23:35
California Ave & Marquette Rd,16,41,27,41.897448,-87.628722,5/7/2022 23:35
California Ave & Milwaukee Ave,13,52,27,41.878119,-87.643948,5/7/2022 23:35
California Ave & Montrose Ave,14,26,19,41.87184,-87.64664,5/7/2022 23:35
California Ave & North Ave,9,53,19,41.874754,-87.649807,5/7/2022 23:35
California Ave & Winona St,12,54,26,41.893992,-87.629318,5/7/2022 23:35
Calumet Ave & 18th St,6,78,27,41.894666,-87.638437,5/7/2022 23:35
Calumet Ave & 21st St,6,45,11,41.883181,-87.648725,5/7/2022 23:35
Calumet Ave & 33rd St,5,67,15,41.918018,-87.652182,5/7/2022 23:35
Calumet Ave & 35th St,17,23,22,41.949399,-87.654529,5/7/2022 23:35
Calumet Ave & 51st St,21,5,22,41.936253,-87.652662,5/7/2022 23:35
Calumet Ave & 71st St,9,25,12,41.91552,-87.687022,5/7/2022 23:35
Calumet Park,21,0,21,41.94018,-87.65304,5/7/2022 23:35
Campbell Ave & 51st St,6,67,18,41.911386,-87.638677,5/7/2022 23:35
Campbell Ave & Fullerton Ave,14,26,19,41.88592,-87.66717,5/7/2022 23:35
Campbell Ave & Irving Park Rd,11,39,18,41.853085,-87.631931,5/7/2022 23:35
Campbell Ave & Montrose Ave,13,28,18,41.802562,-87.590368,5/7/2022 23:35
Campbell Ave & North Ave,11,27,15,41.87501,-87.67328,5/7/2022 23:35
Canal St & Adams St,7,53,15,41.922695,-87.697153,5/7/2022 23:35
Canal St & Harrison St,6,60,15,41.854967,-87.6757,5/7/2022 23:35
Canal St & Jackson Blvd,19,14,22,41.890173,-87.626185,5/7/2022 23:35
Canal St & Madison St,8,43,14,41.911974,-87.631942,5/7/2022 23:35
Canal St & Monroe St,13,7,14,41.924161,-87.64638,5/7/2022 23:35
Canal St & Taylor St,16,16,19,41.895769,-87.67722,5/7/2022 23:35
Cannon Dr & Fullerton Ave,5,64,14,41.857556,-87.661535,5/7/2022 23:35
Carpenter St & 63rd St,15,21,19,41.903266,-87.678435,5/7/2022 23:35
Carpenter St & Huron St,8,43,14,41.939365,-87.668385,5/7/2022 23:35
Central Ave & Chicago Ave,10,33,15,41.850084,-87.632141,5/7/2022 23:35
Central Ave & Harrison St,21,30,30,41.889177,-87.638506,5/7/2022 23:35
Central Ave & Lake St,12,33,18,41.877642,-87.649618,5/7/2022 23:35
Central Ave & Madison St,1,90,10,41.85378,-87.646603,5/7/2022 23:35
Central Ave & Parker Ave,12,20,15,41.865054,-87.656959,5/7/2022 23:35
Central Ave & Roscoe St,2,85,13,41.862378,-87.651062,5/7/2022 23:35
Central Park & Augusta Blvd,11,27,15,41.904613,-87.640552,5/7/2022 23:35
Central Park Ave & 24th St,15,17,18,41.898969,-87.629912,5/7/2022 23:35
Central Park Ave & Bloomingdale Ave,8,53,17,41.915689,-87.6346,5/7/2022 23:35
Central Park Ave & Douglas Blvd,21,32,31,41.894503,-87.617854,5/7/2022 23:35
Central Park Ave & Elbridge Ave,10,33,15,41.922167,-87.638888,5/7/2022 23:35
Central Park Ave & North Ave,16,16,19,41.921822,-87.64414,5/7/2022 23:35
Central Park Ave & Ogden Ave,7,59,17,41.898587,-87.621915,5/7/2022 23:35
Central Park Ave & Ohio St,0,100,18,41.877945,-87.662007,5/7/2022 23:35
Central Park Blvd & 5th Ave,14,7,15,41.845687,-87.622481,5/7/2022 23:35
Central St & Girard Ave,2,87,15,41.834734,-87.625813,5/7/2022 23:35
Central St Metra,9,10,10,41.8349,-87.61793,5/7/2022 23:35
Cherry Ave & Blackhawk St,17,32,25,41.838556,-87.608218,5/7/2022 23:35
Chicago Ave & Sheridan Rd,4,67,12,41.932225,-87.658617,5/7/2022 23:35
Chicago Ave & Washington St,12,33,18,41.935733,-87.663576,5/7/2022 23:35
Chicago State University,13,7,14,41.939478,-87.663748,5/7/2022 23:35
Christiana Ave & Lawrence Ave,12,14,14,41.936497,-87.647539,5/7/2022 23:35
Cicero Ave & Flournoy St,6,50,12,41.936688,-87.636829,5/7/2022 23:35
Cicero Ave & Grace St,4,71,14,41.912616,-87.681391,5/7/2022 23:35
Cicero Ave & Lake St,3,73,11,41.907781,-87.685854,5/7/2022 23:35
Cicero Ave & Quincy St,11,27,15,41.910535,-87.689556,5/7/2022 23:35
Cityfront Plaza Dr & Pioneer Ct,14,36,22,41.895765,-87.625908,5/7/2022 23:35
Claremont Ave & Hirsch St,8,43,14,41.93588,-87.67842,5/7/2022 23:35
Clarendon Ave & Gordon Ter,4,73,15,41.931931,-87.677856,5/7/2022 23:35
Clarendon Ave & Junior Ter,17,35,26,41.885837,-87.6355,5/7/2022 23:35
Clarendon Ave & Leland Ave,17,23,22,41.95078,-87.659172,5/7/2022 23:35
Clark St & 9th St (AMLI),6,60,15,41.92883,-87.668507,5/7/2022 23:35
Clark St & Armitage Ave,2,71,7,41.8492,-87.67564,5/7/2022 23:35
Clark St & Berwyn Ave,12,33,18,41.864059,-87.623727,5/7/2022 23:35
Clark St & Bryn Mawr Ave,14,7,15,41.874255,-87.639573,5/7/2022 23:35
Clark St & Chicago Ave,11,27,15,41.85795,-87.640826,5/7/2022 23:35
Clark St & Columbia Ave,6,45,11,41.855136,-87.654127,5/7/2022 23:35
Clark St & Drummond Pl,9,10,10,41.902309,-87.627691,5/7/2022 23:35
Clark St & Elm St,9,40,15,41.896945,-87.621758,5/7/2022 23:35
Clark St & Elmdale Ave,26,26,35,41.882091,-87.639833,5/7/2022 23:35
Clark St & Grace St,17,0,17,41.872596,-87.633502,5/7/2022 23:35
Clark St & Ida B Wells Dr,18,49,35,41.902973,-87.63128,5/7/2022 23:35
Clark St & Jarvis Ave,6,78,27,41.926277,-87.630834,5/7/2022 23:35
Clark St & Lake St,12,20,15,41.856594,-87.627542,5/7/2022 23:35
Clark St & Leland Ave,10,33,15,41.8246,-87.61678,5/7/2022 23:35
Clark St & Lincoln Ave,6,60,15,41.906866,-87.626217,5/7/2022 23:35
Clark St & Lunt Ave,4,87,30,41.890762,-87.631697,5/7/2022 23:35
Clark St & Montrose Ave,12,48,23,41.903222,-87.634324,5/7/2022 23:35
Clark St & Newport St,3,86,21,41.901315,-87.677409,5/7/2022 23:35
Clark St & North Ave,10,47,19,41.831036,-87.626798,5/7/2022 23:35
Clark St & Randolph St,3,73,11,41.917741,-87.691392,5/7/2022 23:35
Clark St & Schiller St,8,47,15,41.891795,-87.658751,5/7/2022 23:35
Clark St & Schreiber Ave,12,20,15,41.92533,-87.6658,5/7/2022 23:35
Clark St & Touhy Ave,6,57,14,41.928773,-87.663913,5/7/2022 23:35
Clark St & Wellington Ave,25,7,27,41.88169,-87.63953,5/7/2022 23:35
Clark St & Winnemac Ave,29,38,47,41.879255,-87.639904,5/7/2022 23:35
Clark St & Wrightwood Ave,5,55,11,41.841707,-87.626938,5/7/2022 23:35
Clifton Ave & Armitage Ave,14,18,17,41.886875,-87.62603,5/7/2022 23:35
Clinton St & 18th St,41,24,54,41.884728,-87.619521,5/7/2022 23:35
Clinton St & Jackson Blvd,14,53,30,41.890573,-87.622072,5/7/2022 23:35
Clinton St & Lake St,18,0,18,41.882134,-87.625125,5/7/2022 23:35
Clinton St & Madison St,16,41,27,41.881892,-87.648789,5/7/2022 23:35
Clinton St & Polk St,8,74,31,41.891466,-87.626761,5/7/2022 23:35
Clinton St & Roosevelt Rd,9,18,11,41.809851,-87.616279,5/7/2022 23:35
Clinton St & Tilden St,8,20,10,41.82168,-87.6216,5/7/2022 23:35
Clinton St & Washington Blvd,13,13,15,41.857506,-87.645991,5/7/2022 23:35
Clybourn Ave & Division St,4,73,15,41.854109,-87.685838,5/7/2022 23:35
Clyde Ave & 87th St,5,55,11,41.794853,-87.618691,5/7/2022 23:35
Columbus Dr & Randolph St,12,20,15,41.857901,-87.668745,5/7/2022 23:35
Commercial Ave & 100th St,6,57,14,41.847203,-87.646795,5/7/2022 23:35
Commercial Ave & 130th St,9,40,15,41.84358,-87.645368,5/7/2022 23:35
Commercial Ave & 83rd St,6,57,14,41.854915,-87.66356,5/7/2022 23:35
Conservatory Dr & Lake St,6,45,11,41.849527,-87.640591,5/7/2022 23:35
Constance Ave & 95th St,18,25,24,41.90345,-87.667747,5/7/2022 23:35
Cornell Ave & Hyde Park Blvd,8,58,19,41.894345,-87.622798,5/7/2022 23:35
Cornell Dr & Hayes Dr,26,13,30,41.889906,-87.634266,5/7/2022 23:35
Cottage Grove Ave & 111th Pl,0,100,13,41.910509,-87.682389,5/7/2022 23:35
Cottage Grove Ave & 43rd St,12,48,23,41.892394,-87.676885,5/7/2022 23:35
Cottage Grove Ave & 47th St,1,93,15,41.88137,-87.67493,5/7/2022 23:35
Cottage Grove Ave & 51st St,2,87,15,41.903029,-87.697474,5/7/2022 23:35
Cottage Grove Ave & 63rd St,7,50,14,41.886616,-87.65804,5/7/2022 23:35
Cottage Grove Ave & 67th St,4,60,10,41.856802,-87.633879,5/7/2022 23:35
Cottage Grove Ave & 71st St,0,100,18,41.915983,-87.677335,5/7/2022 23:35
Cottage Grove Ave & 78th St,22,0,22,41.931248,-87.644336,5/7/2022 23:35
Cottage Grove Ave & 83rd St,8,56,18,41.920196,-87.692659,5/7/2022 23:35
Cottage Grove Ave & Oakwood Blvd,8,43,14,41.918216,-87.656936,5/7/2022 23:35
Daley Center Plaza,7,63,19,41.913865,-87.648755,5/7/2022 23:35
Damen Ave & 33rd St,5,75,20,41.919936,-87.64883,5/7/2022 23:35
Damen Ave & 51st St,11,0,11,41.939743,-87.658865,5/7/2022 23:35
Damen Ave & 59th St,14,33,21,41.94815,-87.66394,5/7/2022 23:35
Damen Ave & 74th St,11,27,15,41.9406,-87.6785,5/7/2022 23:35
Damen Ave & Charleston St,15,21,19,41.943739,-87.66402,5/7/2022 23:35
Damen Ave & Chicago Ave,16,16,19,41.943785,-87.671251,5/7/2022 23:35
Damen Ave & Clybourn Ave,20,9,22,41.96167,-87.65464,5/7/2022 23:35
Damen Ave & Cortland St,9,55,20,41.949473,-87.646453,5/7/2022 23:35
Damen Ave & Coulter St,10,38,16,41.883165,-87.6511,5/7/2022 23:35
Damen Ave & Cullerton St,5,71,17,41.961588,-87.666036,5/7/2022 23:35
Damen Ave & Division St,2,87,15,41.907626,-87.638566,5/7/2022 23:35
Damen Ave & Foster Ave,12,37,19,41.842052,-87.617,5/7/2022 23:35
Damen Ave & Grand Ave,11,21,14,41.961406,-87.676169,5/7/2022 23:35
Damen Ave & Leland Ave,8,58,19,41.9664,-87.688704,5/7/2022 23:35
Damen Ave & Madison St,18,28,25,41.954245,-87.654406,5/7/2022 23:35
Damen Ave & Melrose Ave,3,84,19,41.871737,-87.65103,5/7/2022 23:35
Damen Ave & Pershing Rd,14,7,15,41.967094,-87.679028,5/7/2022 23:35
Damen Ave & Pierce Ave,9,31,13,41.963004,-87.684781,5/7/2022 23:35
Damen Ave & Sunnyside Ave,10,47,19,41.95469,-87.67393,5/7/2022 23:35
Damen Ave & Thomas St (Augusta Blvd),13,32,19,41.961004,-87.649603,5/7/2022 23:35
Damen Ave & Wabansia Ave,7,36,11,41.956057,-87.668835,5/7/2022 23:35
Damen Ave & Walnut (Lake) St,12,33,18,41.795212,-87.580715,5/7/2022 23:35
Damen Ave & Wellington Ave,9,50,18,41.795264,-87.596471,5/7/2022 23:35
Dauphin Ave & 103rd St,17,37,27,41.963982,-87.638181,5/7/2022 23:35
Dauphin Ave & 87th St,5,71,17,41.936083,-87.669807,5/7/2022 23:35
Dayton St & North Ave,7,46,13,41.967968,-87.650001,5/7/2022 23:35
Dearborn Pkwy & Delaware Pl,10,33,15,41.809835,-87.599383,5/7/2022 23:35
Dearborn St & Adams St,4,69,13,41.968812,-87.657659,5/7/2022 23:35
Dearborn St & Erie St,2,87,15,41.954383,-87.648043,5/7/2022 23:35
Dearborn St & Monroe St,14,62,37,41.867888,-87.623041,5/7/2022 23:35
Dearborn St & Van Buren St,7,53,15,41.952833,-87.649993,5/7/2022 23:35
Delano Ct & Roosevelt Rd,12,20,15,41.948797,-87.675278,5/7/2022 23:35
Desplaines St & Jackson Blvd,2,93,27,41.929465,-87.684158,5/7/2022 23:35
Desplaines St & Kinzie St,11,27,15,41.918491,-87.697423,5/7/2022 23:35
Desplaines St & Randolph St,11,68,34,41.929567,-87.707857,5/7/2022 23:35
Dodge Ave & Church St,14,7,15,41.871514,-87.669886,5/7/2022 23:35
Dodge Ave & Main St,7,36,11,41.827059,-87.64572,5/7/2022 23:35
Dodge Ave & Mulford St,1,91,11,41.836208,-87.613533,5/7/2022 23:35
Dorchester Ave & 49th St,10,41,17,41.886835,-87.62232,5/7/2022 23:35
Dorchester Ave & 63rd St,10,33,15,41.822985,-87.6071,5/7/2022 23:35
Doty Ave & 111th St,7,50,14,41.809443,-87.591875,5/7/2022 23:35
Drake Ave & Addison St,19,50,38,41.911722,-87.626804,5/7/2022 23:35
Drake Ave & Montrose Ave,6,45,11,41.75867,-87.586883,5/7/2022 23:35
DuSable Lake Shore Dr & Belmont Ave,1,91,11,41.816499,-87.606582,5/7/2022 23:35
DuSable Lake Shore Dr & Diversey Pkwy,2,82,11,41.838842,-87.621857,5/7/2022 23:35
DuSable Lake Shore Dr & Monroe St,13,43,23,41.857813,-87.62455,5/7/2022 23:35
DuSable Lake Shore Dr & North Blvd,10,33,15,41.861267,-87.656625,5/7/2022 23:35
DuSable Lake Shore Dr & Wellington Ave,5,67,15,41.865234,-87.666507,5/7/2022 23:35
DuSable Museum,9,18,11,41.910475,-87.696894,5/7/2022 23:35
Dusable Harbor,9,36,14,41.891072,-87.666611,5/7/2022 23:35
East End Ave & 87th St,10,33,15,41.830707,-87.641255,5/7/2022 23:35
Eastlake Ter & Rogers Ave,14,7,15,41.830661,-87.647172,5/7/2022 23:35
Eberhart Ave & 131st St,9,18,11,41.8378,-87.65114,5/7/2022 23:35
Eberhart Ave & 61st St,5,29,7,41.84847,-87.685109,5/7/2022 23:35
Eberhart Ave & 91st St,2,83,12,41.864883,-87.647071,5/7/2022 23:35
Eckhart Park,35,0,35,41.878166,-87.631929,5/7/2022 23:35
Eggleston Ave & 69th St,20,13,23,41.87785,-87.62408,5/7/2022 23:35
Eggleston Ave & 92nd St,15,21,19,41.889899,-87.671473,5/7/2022 23:35
Elizabeth (May) St & Fulton St,12,20,15,41.879434,-87.635504,5/7/2022 23:35
Elizabeth St & 47th St,19,37,30,41.880317,-87.635185,5/7/2022 23:35
Elizabeth St & 59th St,1,93,14,41.918084,-87.643749,5/7/2022 23:35
Elizabeth St & 92nd St,1,94,18,41.912133,-87.634656,5/7/2022 23:35
Ellis Ave & 53rd St,8,47,15,41.921525,-87.707322,5/7/2022 23:35
Ellis Ave & 55th St,10,41,17,41.906724,-87.63483,5/7/2022 23:35
Ellis Ave & 58th St,7,36,11,41.957081,-87.664199,5/7/2022 23:35
Ellis Ave & 60th St,12,45,22,41.965221,-87.658139,5/7/2022 23:35
Ellis Ave & 83rd St,8,43,14,41.978353,-87.659753,5/7/2022 23:35
Elmwood Ave & Austin St,14,26,19,41.973815,-87.65966,5/7/2022 23:35
Elston Ave & Cortland St,8,58,19,41.940106,-87.645451,5/7/2022 23:35
Elston Ave & George St,11,27,15,41.961507,-87.671387,5/7/2022 23:35
Elston Ave & Henderson St,1,93,15,41.956004,-87.680161,5/7/2022 23:35
Elston Ave & Wabansia Ave,3,75,12,41.94367,-87.64895,5/7/2022 23:35
Emerald Ave & 28th St,6,65,17,41.937582,-87.644098,5/7/2022 23:35
Emerald Ave & 31st St,17,6,18,41.907993,-87.631501,5/7/2022 23:35
Evans Ave & 75th St,22,21,28,41.928712,-87.653833,5/7/2022 23:35
Evanston Civic Center,15,35,23,41.945529,-87.646439,5/7/2022 23:35
Ewing Ave & Burnham Greenway,4,64,11,41.949074,-87.648636,5/7/2022 23:35
Exchange Ave & 79th St,7,70,23,41.902893,-87.687275,5/7/2022 23:35
Fairbanks Ct & Grand Ave,11,35,17,41.958494,-87.654966,5/7/2022 23:35
Fairbanks St & Superior St,8,47,15,41.920771,-87.663712,5/7/2022 23:35
Fairfield Ave & 44th St,5,50,10,41.943403,-87.679618,5/7/2022 23:35
Fairfield Ave & Roosevelt Rd,0,100,9,41.917805,-87.682437,5/7/2022 23:35
Federal St & Polk St,1,90,10,41.920082,-87.677855,5/7/2022 23:35
Field Blvd & South Water St,3,84,19,41.968885,-87.684001,5/7/2022 23:35
Field Museum,1,93,14,41.957867,-87.649505,5/7/2022 23:35
Financial Pl & Ida B Wells Dr,7,61,18,41.925858,-87.638973,5/7/2022 23:35
Fort Dearborn Dr & 31st St,12,20,15,41.957921,-87.673567,5/7/2022 23:35
Francisco Ave & 47th St,22,4,23,41.912919,-87.664169,5/7/2022 23:35
Francisco Ave & Bloomingdale Ave,17,11,19,41.96325,-87.679258,5/7/2022 23:35
Francisco Ave & Foster Ave,13,41,22,41.869265,-87.673731,5/7/2022 23:35
Francisco Ave & Hollywood Ave,3,80,15,41.954177,-87.664358,5/7/2022 23:35
Francisco Ave & Montrose Ave,8,47,15,41.93259,-87.665936,5/7/2022 23:35
Franklin St & Adams St (Temp),8,56,18,41.872187,-87.661501,5/7/2022 23:35
Franklin St & Chicago Ave,10,41,17,41.870769,-87.625734,5/7/2022 23:35
Franklin St & Illinois St,5,69,16,41.799568,-87.594747,5/7/2022 23:35
Franklin St & Jackson Blvd,11,39,18,41.969517,-87.654691,5/7/2022 23:35
Franklin St & Lake St,9,10,10,41.93132,-87.638742,5/7/2022 23:35
Franklin St & Monroe St,7,59,17,41.973348,-87.667855,5/7/2022 23:35
Fullerton & Monitor,4,78,18,41.967096,-87.667429,5/7/2022 23:35
Glenwood Ave & Morse Ave,10,47,19,41.92154,-87.653818,5/7/2022 23:35
Glenwood Ave & Touhy Ave,15,21,19,41.788746,-87.601334,5/7/2022 23:35
Green St & Madison St,19,10,21,41.932588,-87.636427,5/7/2022 23:35
Green St & Randolph St,5,74,19,41.946176,-87.673308,5/7/2022 23:35
Green St & Randolph St*,18,33,27,41.909668,-87.648128,5/7/2022 23:35
Greenview Ave & Diversey Pkwy,13,19,16,41.93314,-87.64776,5/7/2022 23:35
Greenview Ave & Fullerton Ave,7,53,15,41.907066,-87.667252,5/7/2022 23:35
Greenview Ave & Jarvis Ave,13,32,19,41.940775,-87.639192,5/7/2022 23:35
Greenwood Ave & 47th St,3,80,15,41.831379,-87.618034,5/7/2022 23:35
Greenwood Ave & 79th St,5,67,15,41.809855,-87.606755,5/7/2022 23:35
Greenwood Ave & 91st St,16,16,19,41.89675,-87.63089,5/7/2022 23:35
Greenwood Ave & 97th St,11,21,14,41.857611,-87.619407,5/7/2022 23:35
Hale Ave & 107th St,11,0,11,41.838198,-87.645143,5/7/2022 23:35
Halsted & 63rd - Kennedy-King Vaccination Site,10,17,12,41.929546,-87.643118,5/7/2022 23:35
Halsted St & 104th St,36,3,37,41.866095,-87.607267,5/7/2022 23:35
Halsted St & 111th St,20,13,23,41.871262,-87.673688,5/7/2022 23:35
Halsted St & 18th St,13,13,15,41.928887,-87.658971,5/7/2022 23:35
Halsted St & 21st St,36,16,43,41.96909,-87.674237,5/7/2022 23:35
Halsted St & 35th St,8,58,19,41.793242,-87.587782,5/7/2022 23:35
Halsted St & 37th St,4,73,15,41.88283,-87.661206,5/7/2022 23:35
Halsted St & 47th Pl,3,80,15,41.950687,-87.6687,5/7/2022 23:35
Halsted St & 51st St,7,50,14,41.853804,-87.695742,5/7/2022 23:35
Halsted St & 56th St,5,62,13,41.929143,-87.649077,5/7/2022 23:35
Halsted St & 59th St,11,21,14,41.895974,-87.667725,5/7/2022 23:35
Halsted St & 69th St,11,27,15,41.803038,-87.606615,5/7/2022 23:35
Halsted St & 73rd St,5,50,10,41.773518,-87.577143,5/7/2022 23:35
Halsted St & 78th St,9,40,15,42.01256,-87.674367,5/7/2022 23:35
Halsted St & 96th St,9,40,15,42.010587,-87.662412,5/7/2022 23:35
Halsted St & Archer Ave,9,36,14,41.773643,-87.567514,5/7/2022 23:35
Halsted St & Clybourn Ave,3,73,11,41.766493,-87.586461,5/7/2022 23:35
Halsted St & Dickens Ave,7,68,22,41.903486,-87.643353,5/7/2022 23:35
Halsted St & Maxwell St,15,17,18,41.900219,-87.642985,5/7/2022 23:35
Halsted St & North Branch St,13,13,15,41.89939,-87.648545,5/7/2022 23:35
Halsted St & Polk St,3,67,9,41.841633,-87.657435,5/7/2022 23:35
Halsted St & Roosevelt Rd,11,27,15,41.830689,-87.656211,5/7/2022 23:35
Halsted St & Roscoe St,10,33,15,41.839209,-87.66561,5/7/2022 23:35
Halsted St & Willow St,3,73,11,41.830105,-87.670298,5/7/2022 23:35
Halsted St & Wrightwood Ave,10,33,15,41.854184,-87.619154,5/7/2022 23:35
Hamlin Ave & 62nd Pl,8,20,10,41.895465,-87.706128,5/7/2022 23:35
Hampden Ct & Diversey Ave,14,36,22,41.898418,-87.686596,5/7/2022 23:35
Harding Ave & 26th St,8,27,11,41.890469,-87.702608,5/7/2022 23:35
Harlem & Irving Park,14,60,35,41.889492,-87.688219,5/7/2022 23:35
Harlem Ave & Grace St,10,33,15,41.884603,-87.706304,5/7/2022 23:35
Harper Ave & 59th St,9,18,11,41.884454,-87.696298,5/7/2022 23:35
Hegewisch Metra Station,8,47,15,41.879788,-87.686113,5/7/2022 23:35
Hermitage Ave & Polk St,14,26,19,41.874749,-87.686445,5/7/2022 23:35
Homan Ave & 65th St,27,13,31,41.87295,-87.66913,5/7/2022 23:35
Homan Ave & Fillmore St,7,36,11,41.801832,-87.645214,5/7/2022 23:35
Homewood Ave & 115th St,7,30,10,41.794982,-87.633124,5/7/2022 23:35
Honore St & Division St,5,50,10,41.79293,-87.64499,5/7/2022 23:35
Houston Ave & 92nd St,5,55,11,41.779381,-87.644621,5/7/2022 23:35
Hoyne Ave & 34th St,8,27,11,41.78008,-87.629746,5/7/2022 23:35
Hoyne Ave & 47th St,6,45,11,41.769062,-87.644614,5/7/2022 23:35
Hoyne Ave & Balmoral Ave,7,36,11,41.769293,-87.628196,5/7/2022 23:35
Humboldt Blvd & Armitage Ave,8,27,11,41.765508,-87.616918,5/7/2022 23:35
Indiana Ave & 103rd St,6,60,15,41.870816,-87.631246,5/7/2022 23:35
Indiana Ave & 133rd St,5,55,11,41.75712,-87.575839,5/7/2022 23:35
Indiana Ave & 26th St,6,40,10,41.758768,-87.56644,5/7/2022 23:35
Indiana Ave & 31st St,9,40,15,41.757871,-87.549386,5/7/2022 23:35
Indiana Ave & 40th St,6,45,11,41.762189,-87.559275,5/7/2022 23:35
Indiana Ave & Roosevelt Rd,5,55,11,41.765719,-87.60496,5/7/2022 23:35
Jefferson St & Monroe St,5,50,10,41.842733,-87.635491,5/7/2022 23:35
Jeffery Blvd & 67th St,1,93,14,41.838464,-87.635406,5/7/2022 23:35
Jeffery Blvd & 71st St,11,27,15,41.83453,-87.631823,5/7/2022 23:35
Jeffery Blvd & 76th St,12,20,15,41.830777,-87.632504,5/7/2022 23:35
Karlov Ave & Madison St,10,47,19,41.831274,-87.608799,5/7/2022 23:35
Kedzie Ave & 104th St,9,18,11,41.823015,-87.626568,5/7/2022 23:35
Kedzie Ave & 110th St,4,64,11,41.819102,-87.643278,5/7/2022 23:35
Kedzie Ave & 21st St,9,18,11,41.816208,-87.634819,5/7/2022 23:35
Kedzie Ave & 24th St,12,20,15,41.816659,-87.619412,5/7/2022 23:35
Kedzie Ave & 45th St,5,55,11,41.808134,-87.645617,5/7/2022 23:35
Kedzie Ave & 48th Pl,6,45,11,41.809318,-87.633449,5/7/2022 23:35
Kedzie Ave & 52nd St,9,40,15,41.814093,-87.597005,5/7/2022 23:35
Kedzie Ave & 57th St,6,60,15,41.870257,-87.639474,5/7/2022 23:35
Kedzie Ave & Bryn Mawr Ave,8,27,11,41.802295,-87.618054,5/7/2022 23:35
Kedzie Ave & Chicago Ave,7,53,15,41.805772,-87.592464,5/7/2022 23:35
Kedzie Ave & Foster Ave,2,89,19,41.802406,-87.586924,5/7/2022 23:35
Kedzie Ave & George St,4,60,10,41.799336,-87.600958,5/7/2022 23:35
Kedzie Ave & Harrison St,6,60,15,41.799494,-87.58645,5/7/2022 23:35
Kedzie Ave & Lake St,15,21,19,41.794301,-87.60145,5/7/2022 23:35
Kedzie Ave & Leland Ave,7,36,11,41.793429,-87.615853,5/7/2022 23:35
Kedzie Ave & Milwaukee Ave,7,30,10,41.791568,-87.607852,5/7/2022 23:35
Kedzie Ave & Palmer Ct,19,32,28,41.791478,-87.599861,5/7/2022 23:35
Kedzie Ave & Roosevelt Rd,20,23,26,41.791728,-87.583945,5/7/2022 23:35
Keeler Ave & Roosevelt Rd,10,33,15,41.787943,-87.588315,5/7/2022 23:35
Kenneth Ave & 50th St,8,56,18,41.785097,-87.601073,5/7/2022 23:35
Kenosha & Wellington,9,36,14,41.780601,-87.605836,5/7/2022 23:35
Kenton Ave & Madison St,11,0,11,41.780406,-87.591416,5/7/2022 23:35
Keystone Ave & Fullerton Ave,1,91,11,41.773721,-87.605635,5/7/2022 23:35
Keystone Ave & Montrose Ave,7,36,11,41.780081,-87.615943,5/7/2022 23:35
Kilbourn & Belden,6,45,11,41.784142,-87.613308,5/7/2022 23:35
Kilbourn & Roscoe,7,63,19,42.009011,-87.674112,5/7/2022 23:35
Kilbourn Ave & Irving Park Rd,8,27,11,41.8736,-87.704871,5/7/2022 23:35
Kilbourn Ave & Milwaukee Ave,16,16,19,41.866501,-87.684697,5/7/2022 23:35
Kildare & Cermak,8,27,11,41.866493,-87.706496,5/7/2022 23:35
Kildare Ave & 26th St,9,18,11,41.866624,-87.694521,5/7/2022 23:35
Kildare Ave & 47th St,8,47,15,41.86193,-87.69345,5/7/2022 23:35
Kildare Ave & 55th St,12,20,15,41.854064,-87.715117,5/7/2022 23:35
Kildare Ave & Chicago Ave,7,36,11,41.853534,-87.705073,5/7/2022 23:35
Kildare Ave & Division St,10,9,11,41.8481,-87.715068,5/7/2022 23:35
Kildare Ave & Montrose Ave,4,60,10,41.848191,-87.705414,5/7/2022 23:35
Kilpatrick Ave & Grand Ave,0,100,7,41.84911,-87.69514,5/7/2022 23:35
Kilpatrick Ave & Parker Ave,7,0,7,41.844531,-87.715922,5/7/2022 23:35
Kimball Ave & Belmont Ave,7,36,11,41.844475,-87.702013,5/7/2022 23:35
Kimbark Ave & 53rd St,6,45,11,41.84368,-87.694969,5/7/2022 23:35
Kingsbury St & Erie St,8,27,11,41.841518,-87.685131,5/7/2022 23:35
Kingsbury St & Kinzie St,8,47,15,42.007972,-87.665502,5/7/2022 23:35
Knox Ave & Montrose Ave,2,80,10,42.00455,-87.680666,5/7/2022 23:35
Komensky Ave & 31st St,11,27,15,42.004451,-87.672402,5/7/2022 23:35
Komensky Ave & 55th St,6,45,11,42.001785,-87.688829,5/7/2022 23:35
Kosciuszko Park,9,61,23,42.001044,-87.661198,5/7/2022 23:35
Kostner Ave & 63rd St,4,64,11,41.994161,-87.689438,5/7/2022 23:35
Kostner Ave & Adams St,8,43,14,41.999252,-87.671377,5/7/2022 23:35
Kostner Ave & Lake St,7,67,21,41.99478,-87.660285,5/7/2022 23:35
Kostner Ave & Wrightwood Ave,7,36,11,41.990236,-87.69337,5/7/2022 23:35
La Villita Park (Albany/30th),5,55,11,41.991178,-87.683593,5/7/2022 23:35
LaSalle Dr & Huron St,11,21,14,41.99086,-87.669724,5/7/2022 23:35
LaSalle St & Adams St,16,11,18,41.989743,-87.660141,5/7/2022 23:35
LaSalle St & Illinois St,7,50,14,41.983593,-87.669154,5/7/2022 23:35
LaSalle St & Jackson Blvd,9,36,14,41.984045,-87.660274,5/7/2022 23:35
LaSalle St & Washington St,2,87,15,41.979762,-87.67753,5/7/2022 23:35
Laflin St & Cullerton St,0,100,19,41.978031,-87.668565,5/7/2022 23:35
Lake Park Ave & 35th St,11,27,15,41.975615,-87.679459,5/7/2022 23:35
Lake Park Ave & 47th St,14,36,22,41.9716,-87.650154,5/7/2022 23:35
Lake Park Ave & 53rd St,5,55,11,42.012132,-87.682913,5/7/2022 23:35
Lake Park Ave & 56th St,8,47,15,42.008594,-87.690492,5/7/2022 23:35
Lakefront Trail & Bryn Mawr Ave,5,55,11,41.983665,-87.696423,5/7/2022 23:35
Lakefront Trail & Wilson Ave,11,27,15,41.980394,-87.716115,5/7/2022 23:35
Lakeview Ave & Fullerton Pkwy,2,80,10,41.975672,-87.709261,5/7/2022 23:35
Lamon Ave & Armitage Ave,8,47,15,41.975633,-87.701419,5/7/2022 23:35
Lamon Ave & Belmont Ave,6,60,15,41.974911,-87.692503,5/7/2022 23:35
Lamon Ave & Chicago Ave,9,40,15,41.968354,-87.711831,5/7/2022 23:35
Laramie Ave & Gladys Ave,9,36,14,41.968987,-87.696027,5/7/2022 23:35
Laramie Ave & Kinzie St,9,40,15,41.966686,-87.708052,5/7/2022 23:35
Laramie Ave & Madison St,5,55,11,41.965875,-87.700825,5/7/2022 23:35
Larrabee St & Armitage Ave,9,36,14,41.9659,-87.693638,5/7/2022 23:35
Larrabee St & Division St,11,27,15,41.961154,-87.716569,5/7/2022 23:35
Larrabee St & Kingsbury St,3,73,11,41.961041,-87.705866,5/7/2022 23:35
Larrabee St & Menomonee St,10,29,14,41.961068,-87.695439,5/7/2022 23:35
Larrabee St & North Ave,12,14,14,41.961526,-87.691165,5/7/2022 23:35
Larrabee St & Oak St,12,37,19,41.953393,-87.732002,5/7/2022 23:35
Larrabee St & Webster Ave,7,53,15,41.954005,-87.719128,5/7/2022 23:35
Latrobe Ave & Chicago Ave,7,53,15,41.953586,-87.709311,5/7/2022 23:35
Lavergne & Fullerton,11,27,15,41.954341,-87.68608,5/7/2022 23:35
Lavergne Ave & 46th St,5,72,18,41.952162,-87.698051,5/7/2022 23:35
Lavergne Ave & Division St,6,45,11,41.946264,-87.731023,5/7/2022 23:35
Lawler Ave & 50th St,13,13,15,41.947326,-87.717582,5/7/2022 23:35
Lawndale Ave & 111th St,9,40,15,41.945244,-87.70665,5/7/2022 23:35
Lawndale Ave & 16th St,15,0,15,41.946636,-87.694615,5/7/2022 23:35
Lawndale Ave & 30th St,6,57,14,41.946655,-87.683359,5/7/2022 23:35
Leamington Ave & Hirsch St,10,9,11,41.943034,-87.687288,5/7/2022 23:35
Leavitt St & Addison St,14,7,15,41.98223,-87.708887,5/7/2022 23:35
Leavitt St & Archer Ave,5,50,10,41.961108,-87.72897,5/7/2022 23:35
Leavitt St & Armitage Ave,4,64,11,41.939408,-87.723574,5/7/2022 23:35
Leavitt St & Belmont Ave,6,60,15,41.939398,-87.711561,5/7/2022 23:35
Leavitt St & Chicago Ave,11,39,18,41.938429,-87.698008,5/7/2022 23:35
Leavitt St & Division St,13,13,15,41.930585,-87.723777,5/7/2022 23:35
Leavitt St & Lawrence Ave,11,21,14,41.935337,-87.716889,5/7/2022 23:35
Leavitt St & North Ave,0,100,15,41.931902,-87.701195,5/7/2022 23:35
Lincoln Ave & Addison St,13,13,15,41.92669,-87.697668,5/7/2022 23:35
Lincoln Ave & Balmoral Ave,15,0,15,41.924816,-87.714495,5/7/2022 23:35
Lincoln Ave & Belle Plaine Ave,5,67,15,41.924632,-87.689307,5/7/2022 23:35
Lincoln Ave & Belmont Ave,1,93,15,41.924091,-87.67646,5/7/2022 23:35
Lincoln Ave & Diversey Pkwy,11,15,13,41.917108,-87.710221,5/7/2022 23:35
Lincoln Ave & Fullerton Ave,13,28,18,41.917513,-87.701809,5/7/2022 23:35
Lincoln Ave & Peterson Ave,9,40,15,41.909657,-87.716632,5/7/2022 23:35
Lincoln Ave & Roscoe St,6,57,14,41.909769,-87.70528,5/7/2022 23:35
Lincoln Ave & Roscoe St*,5,55,11,41.902707,-87.70922,5/7/2022 23:35
Lincoln Ave & Sunnyside Ave,6,45,11,41.914027,-87.705126,5/7/2022 23:35
Lincoln Ave & Waveland Ave,9,18,11,42.019276,-87.68452,5/7/2022 23:35
Lincoln Ave & Winona St,11,39,18,42.019159,-87.673573,5/7/2022 23:35
Lincoln Park Conservatory,5,50,10,42.015963,-87.675005,5/7/2022 23:35
Lincolnwood Dr & Central St,9,18,11,41.885502,-87.716866,5/7/2022 23:35
Lockwood Ave & Wrightwood Ave,8,27,11,42.016977,-87.677725,5/7/2022 23:35
Logan Blvd & Elston Ave,7,59,17,42.015962,-87.66857,5/7/2022 23:35
Long & Irving Park,0,100,9,42.019537,-87.669563,5/7/2022 23:35
Long Ave & Belden Ave,13,13,15,42.020887,-87.665058,5/7/2022 23:35
Long Ave & Belmont Ave,5,29,7,41.894887,-87.774704,5/7/2022 23:35
Long Ave & North Ave,6,57,14,42.012701,-87.666058,5/7/2022 23:35
Loomis Blvd & 84th St,8,20,10,42.012342,-87.688243,5/7/2022 23:35
Loomis St & 89th St,9,40,15,42.018901,-87.690048,5/7/2022 23:35
Loomis St & Archer Ave,9,18,11,41.885409,-87.726491,5/7/2022 23:35
Loomis St & Jackson Blvd,8,27,11,41.886841,-87.745261,5/7/2022 23:35
Loomis St & Lexington St,7,36,11,41.887832,-87.755527,5/7/2022 23:35
MLK Jr Dr & 29th St,8,27,11,41.887664,-87.765469,5/7/2022 23:35
MLK Jr Dr & 47th St,2,82,11,41.887944,-87.774273,5/7/2022 23:35
MLK Jr Dr & 56th St,6,45,11,41.875679,-87.71547,5/7/2022 23:35
MLK Jr Dr & 63rd St,8,27,11,41.88085,-87.727907,5/7/2022 23:35
MLK Jr Dr & 83rd St,10,9,11,41.87441,-87.726092,5/7/2022 23:35
MLK Jr Dr & Pershing Rd,8,27,11,41.885928,-87.73541,5/7/2022 23:35
Major Ave & Bloomingdale Ave,9,18,11,41.880708,-87.741018,5/7/2022 23:35
Major Taylor Trail & 115th St,6,45,11,41.872131,-87.746619,5/7/2022 23:35
Major Taylor Trail & 124th St,9,18,11,41.877613,-87.745405,5/7/2022 23:35
Malcolm X College Vaccination Site,6,40,10,41.880207,-87.755337,5/7/2022 23:35
Manor Ave & Leland Ave,4,60,10,41.872993,-87.764499,5/7/2022 23:35
Maplewood Ave & 59th St,8,27,11,41.880121,-87.763238,5/7/2022 23:35
Maplewood Ave & Peterson Ave,5,55,11,41.875806,-87.755285,5/7/2022 23:35
Marine Dr & Ainslie St,4,64,11,41.880281,-87.774453,5/7/2022 23:35
Marquette Ave & 89th St,5,55,11,41.877917,-87.735737,5/7/2022 23:35
Marshfield Ave & 44th St,7,36,11,41.823192,-87.676597,5/7/2022 23:35
Marshfield Ave & 59th St,7,36,11,41.823465,-87.665577,5/7/2022 23:35
Martin Luther King Dr & 111th St,1,86,7,41.823613,-87.650931,5/7/2022 23:35
Maryland Ave & 104th St,4,64,11,41.813996,-87.666589,5/7/2022 23:35
Mason Ave & Belmont Ave,8,27,11,41.894958,-87.764902,5/7/2022 23:35
May St & 69th St,9,18,11,41.808227,-87.67718,5/7/2022 23:35
May St & Cullerton St,7,36,11,41.80887,-87.66454,5/7/2022 23:35
May St & Taylor St,8,27,11,41.80839,-87.656526,5/7/2022 23:35
Mayfield & Roosevelt Rd,2,71,7,41.800908,-87.674684,5/7/2022 23:35
McClurg Ct & Erie St,5,55,11,41.803023,-87.664699,5/7/2022 23:35
McClurg Ct & Ohio St,4,43,7,41.799659,-87.657195,5/7/2022 23:35
McCormick Place,4,64,11,41.794087,-87.675478,5/7/2022 23:35
Meade Ave & Addison St,8,27,11,41.792822,-87.664429,5/7/2022 23:35
Meade Ave & Diversey Ave,5,55,11,41.794228,-87.655073,5/7/2022 23:35
Menard Ave & Division St,7,36,11,41.786833,-87.666215,5/7/2022 23:35
Menard Ave & North Ave,6,45,11,41.785861,-87.674144,5/7/2022 23:35
Michigan Ave & 114th St,6,45,11,41.783189,-87.654372,5/7/2022 23:35
Michigan Ave & 14th St,8,27,11,41.779374,-87.664843,5/7/2022 23:35
Michigan Ave & 18th St,7,36,11,41.775393,-87.654308,5/7/2022 23:35
Michigan Ave & 71st St,3,57,7,41.774074,-87.663815,5/7/2022 23:35
Michigan Ave & 8th St,6,45,11,41.759274,-87.673634,5/7/2022 23:35
Michigan Ave & Ida B Wells Dr,6,45,11,41.768938,-87.652934,5/7/2022 23:35
Michigan Ave & Jackson Blvd,2,71,7,41.75797,-87.63121,5/7/2022 23:35
Michigan Ave & Lake St,9,18,11,41.75916,-87.595751,5/7/2022 23:35
Michigan Ave & Madison St,4,33,6,41.75849,-87.60641,5/7/2022 23:35
Michigan Ave & Oak St,5,50,10,41.758361,-87.614138,5/7/2022 23:35
Michigan Ave & Pearson St,6,40,10,41.756971,-87.624621,5/7/2022 23:35
Michigan Ave & Washington St,9,18,11,41.750794,-87.624424,5/7/2022 23:35
Mies van der Rohe Way & Chestnut St,10,9,11,41.75094,-87.61379,5/7/2022 23:35
Mies van der Rohe Way & Chicago Ave,4,64,11,41.753174,-87.605026,5/7/2022 23:35
Millard Ave & 26th St,7,36,11,41.751294,-87.597552,5/7/2022 23:35
Millennium Park,5,55,11,41.751173,-87.585337,5/7/2022 23:35
Milwaukee Ave & Cuyler Ave,9,18,11,41.751785,-87.578496,5/7/2022 23:35
Milwaukee Ave & Fullerton Ave,6,40,10,41.75182,-87.565211,5/7/2022 23:35
Milwaukee Ave & Grand Ave,5,55,11,41.751731,-87.552812,5/7/2022 23:35
Milwaukee Ave & Rockwell St,7,36,11,41.744615,-87.551208,5/7/2022 23:35
Milwaukee Ave & Wabansia Ave,9,18,11,41.744531,-87.56506,5/7/2022 23:35
Monticello Ave & Chicago Ave,5,55,11,41.746559,-87.586005,5/7/2022 23:35
Monticello Ave & Irving Park Rd,5,55,11,41.744123,-87.599034,5/7/2022 23:35
Montrose Harbor,3,70,10,41.743441,-87.604836,5/7/2022 23:35
Morgan Ave & 14th Pl,7,36,11,41.743116,-87.6148,5/7/2022 23:35
Morgan St & 18th St,7,36,11,41.743316,-87.622849,5/7/2022 23:35
Morgan St & 31st St,8,27,11,41.743921,-87.575225,5/7/2022 23:35
Morgan St & Lake St,4,64,11,41.954468,-87.749594,5/7/2022 23:35
Morgan St & Lake St*,10,9,11,41.953733,-87.740569,5/7/2022 23:35
Morgan St & Pershing Rd,6,60,15,41.947071,-87.740008,5/7/2022 23:35
Morgan St & Polk St,5,55,11,41.960631,-87.745359,5/7/2022 23:35
Mozart St & Jackson Blvd,6,45,11,41.787539,-87.644874,5/7/2022 23:35
Mulligan Ave & Wellington Ave,6,45,11,41.805661,-87.683392,5/7/2022 23:35
Museum of Science and Industry,6,45,11,41.736646,-87.622634,5/7/2022 23:35
N Carpenter St & W Lake St,6,60,15,42.048214,-87.683485,5/7/2022 23:35
N Clark St & W Elm St,1,93,15,42.032562,-87.679101,5/7/2022 23:35
N Damen Ave & W Chicago Ave,10,29,14,42.025784,-87.684107,5/7/2022 23:35
N Green St & W Lake St,9,40,15,42.039742,-87.699413,5/7/2022 23:35
N Paulina St & Lincoln Ave,5,67,15,42.048308,-87.698224,5/7/2022 23:35
N Sheffield Ave & W Wellington Ave,7,50,14,42.063598,-87.69873,5/7/2022 23:35
N Shore Channel Trail & Argyle St,11,21,14,42.064313,-87.686152,5/7/2022 23:35
N Southport Ave & W Newport Ave,14,0,14,42.050491,-87.677821,5/7/2022 23:35
Narragansett & Irving Park,8,43,14,42.058239,-87.677432,5/7/2022 23:35
Narragansett & McLean,11,21,14,42.052939,-87.673447,5/7/2022 23:35
Narragansett & Wrightwood,8,27,11,41.92459,-87.72785,5/7/2022 23:35
Narragansett Ave & School St,15,0,15,41.898203,-87.637536,5/7/2022 23:35
New St & Illinois St,14,7,15,41.884114,-87.654264,5/7/2022 23:35
Noble St & Milwaukee Ave,12,20,15,41.900363,-87.696704,5/7/2022 23:35
Nordica & Medill,37,14,43,41.872773,-87.623981,5/7/2022 23:35
Normal Ave & Archer Ave,14,7,15,41.876268,-87.629155,5/7/2022 23:35
North Ave & New England Ave,12,20,15,42.034632,-87.699188,5/7/2022 23:35
Oak Park & Wellington,6,65,17,41.867491,-87.63219,5/7/2022 23:35
Oakley Ave & Irving Park Rd,3,83,18,41.894877,-87.632326,5/7/2022 23:35
Oakley Ave & Touhy Ave,14,39,23,41.91461,-87.667968,5/7/2022 23:35
Ogden Ave & Chicago Ave,12,14,14,41.96108,-87.73569,5/7/2022 23:35
Ogden Ave & Congress Pkwy,18,5,19,41.877618,-87.673895,5/7/2022 23:35
Ogden Ave & Race Ave,12,14,14,41.94454,-87.654678,5/7/2022 23:35
Ogden Ave & Roosevelt Rd,9,18,11,41.895748,-87.620104,5/7/2022 23:35
Oglesby Ave & 100th St,11,0,11,41.890028,-87.636618,5/7/2022 23:35
Oketo Ave & Addison St,12,14,14,41.895634,-87.672069,5/7/2022 23:35
Olive Harvey College,15,52,31,41.878317,-87.640981,5/7/2022 23:35
Orange & Addison,14,7,15,41.965845,-87.645361,5/7/2022 23:35
Orleans St & Chestnut St (NEXT Apts),5,50,10,41.949923,-87.713949,5/7/2022 23:35
Orleans St & Elm St,7,30,10,41.914166,-87.716755,5/7/2022 23:35
Orleans St & Hubbard St,4,43,7,41.894745,-87.756895,5/7/2022 23:35
Orleans St & Merchandise Mart Plaza,5,67,15,41.892048,-87.689397,5/7/2022 23:35
Panama Ave & Grace St,2,82,11,41.868563,-87.686234,5/7/2022 23:35
Parkside Ave & Armitage Ave,4,64,11,41.826712,-87.683144,5/7/2022 23:35
Paulina Ave & North Ave,8,27,11,41.796642,-87.625923,5/7/2022 23:35
Paulina St & 18th St,4,43,7,41.789697,-87.654698,5/7/2022 23:35
Paulina St & Flournoy St,4,43,7,41.77987,-87.650919,5/7/2022 23:35
Paulina St & Howard St,6,45,11,41.779835,-87.634774,5/7/2022 23:35
Paulina St & Montrose Ave,3,62,8,41.768898,-87.635876,5/7/2022 23:35
Peoria St & Jackson Blvd,8,27,11,41.766,-87.611726,5/7/2022 23:35
Perry Ave & 69th St,10,0,10,41.780595,-87.584846,5/7/2022 23:35
Phillips Ave & 79th St,9,18,11,41.883073,-87.656952,5/7/2022 23:35
Phillips Ave & 83rd St,14,0,14,41.979851,-87.681932,5/7/2022 23:35
Pine Grove Ave & Irving Park Rd,5,67,15,41.885951,-87.677009,5/7/2022 23:35
Pine Grove Ave & Waveland Ave,13,13,15,41.899181,-87.6722,5/7/2022 23:35
Ping Tom Park (East),12,20,15,41.902997,-87.683825,5/7/2022 23:35
Plainfield & Irving Park,5,67,15,41.895501,-87.682017,5/7/2022 23:35
Prairie Ave & 43rd St,8,33,12,42.004583,-87.661406,5/7/2022 23:35
Prairie Ave & Garfield Blvd,8,47,15,42.057044,-87.686554,5/7/2022 23:35
Princeton Ave & 47th St,11,27,15,42.023463,-87.699595,5/7/2022 23:35
Princeton Ave & Garfield Blvd,8,43,14,42.064854,-87.715297,5/7/2022 23:35
Prospect Sq & 91st St,3,79,14,41.939354,-87.683282,5/7/2022 23:35
Pulaski & Ann Lurie Pl,5,17,6,41.747363,-87.580046,5/7/2022 23:35
Pulaski Rd & 21st St,8,43,14,41.907221,-87.655618,5/7/2022 23:35
Pulaski Rd & 51st St,8,27,11,41.891023,-87.63548,5/7/2022 23:35
Pulaski Rd & 60th St,17,41,29,41.923931,-87.635825,5/7/2022 23:35
Pulaski Rd & Congress Pkwy,4,43,7,41.765286,-87.621748,5/7/2022 23:35
Pulaski Rd & Eddy St (Temp),6,60,15,41.743717,-87.634088,5/7/2022 23:35
Pulaski Rd & Lake St,7,53,15,41.761605,-87.644161,5/7/2022 23:35
Racine Ave & 13th St,7,53,15,41.759236,-87.663474,5/7/2022 23:35
Racine Ave & 15th St,2,87,15,41.752487,-87.643902,5/7/2022 23:35
Racine Ave & 18th St,8,47,15,41.729285,-87.611032,5/7/2022 23:35
Racine Ave & 35th St,5,67,15,41.752205,-87.663699,5/7/2022 23:35
Racine Ave & 61st St,6,60,15,41.728234,-87.667524,5/7/2022 23:35
Racine Ave & 65th St,5,67,15,41.737848,-87.6449,5/7/2022 23:35
Racine Ave & Belmont Ave,11,27,15,41.736815,-87.582801,5/7/2022 23:35
Racine Ave & Congress Pkwy,5,67,15,41.741487,-87.65841,5/7/2022 23:35
Racine Ave & Fullerton Ave,4,73,15,41.726799,-87.65429,5/7/2022 23:35
Racine Ave & Garfield Blvd,14,0,14,41.72185,-87.622854,5/7/2022 23:35
Racine Ave & Randolph St,2,87,15,41.727576,-87.634828,5/7/2022 23:35
Racine Ave & Washington Blvd,12,20,15,41.733669,-87.558342,5/7/2022 23:35
Racine Ave & Wrightwood Ave,9,40,15,41.737336,-87.548515,5/7/2022 23:35
Rainbow Beach,3,77,13,41.728204,-87.5497,5/7/2022 23:35
Ravenswood Ave & Berteau Ave,9,40,15,41.70725,-87.607663,5/7/2022 23:35
Ravenswood Ave & Irving Park Rd,12,20,15,41.70717,-87.618472,5/7/2022 23:35
Ravenswood Ave & Lawrence Ave,11,27,15,41.713397,-87.565842,5/7/2022 23:35
Rhodes Ave & 32nd St,8,47,15,41.69171,-87.610002,5/7/2022 23:35
Rhodes Ave & 71st St,10,33,15,41.700121,-87.61226,5/7/2022 23:35
Richmond St & 59th St,7,53,15,41.719712,-87.64302,5/7/2022 23:35
Richmond St & Diversey Ave,5,67,15,41.722291,-87.578968,5/7/2022 23:35
Richmond St & Lincoln Ave,7,53,15,41.728264,-87.597299,5/7/2022 23:35
Ridge Blvd & Howard St,12,20,15,41.718703,-87.597036,5/7/2022 23:35
Ridge Blvd & Touhy Ave,8,47,15,41.651868,-87.539671,5/7/2022 23:35
Ritchie Ct & Banks St,5,67,15,41.731395,-87.585744,5/7/2022 23:35
Rockwell St & 57th St,12,20,15,41.736559,-87.601258,5/7/2022 23:35
Rockwell St & 63rd St,10,33,15,41.702801,-87.559726,5/7/2022 23:35
Rockwell St & Archer Ave,11,27,15,41.737151,-87.57274,5/7/2022 23:35
Rockwell St & Cermak Rd,8,47,15,41.687015,-87.621052,5/7/2022 23:35
Rockwell St & Eastwood Ave,8,27,11,41.704575,-87.528232,5/7/2022 23:35
Rockwell St & Fletcher St,6,60,15,41.692263,-87.642612,5/7/2022 23:35
Roscoe & Harlem,9,40,15,41.705308,-87.629217,5/7/2022 23:35
Rush St & Cedar St,11,27,15,41.684932,-87.645289,5/7/2022 23:35
Rush St & Hubbard St,8,47,15,41.670644,-87.622586,5/7/2022 23:35
Rush St & Superior St,13,13,15,41.668696,-87.637113,5/7/2022 23:35
S Aberdeen St & W 106th St,12,20,15,41.658413,-87.610711,5/7/2022 23:35
S Michigan Ave & E 118th St,12,20,15,41.685877,-87.573824,5/7/2022 23:35
S Wentworth Ave & W 111th St,4,64,11,41.712749,-87.534814,5/7/2022 23:35
Sacramento Ave & 25th St,12,20,15,41.681001,-87.537931,5/7/2022 23:35
Sacramento Ave & Pershing Rd,10,29,14,41.666312,-87.557216,5/7/2022 23:35
Sacramento Blvd & Addison St,1,93,14,41.712164,-87.667733,5/7/2022 23:35
Sacramento Blvd & Franklin Blvd,10,29,14,41.65915,-87.550762,5/7/2022 23:35
Sacramento Blvd & Fulton Ave,2,82,11,41.699206,-87.668919,5/7/2022 23:35
Sacramento Blvd & Polk St,5,67,15,41.684595,-87.670708,5/7/2022 23:35
Sangamon St & Washington Blvd,8,47,15,41.70514,-87.642424,5/7/2022 23:35
Sawyer Ave & Irving Park Rd,3,80,15,41.704926,-87.656868,5/7/2022 23:35
Sayre & Diversey,6,60,15,41.687562,-87.655476,5/7/2022 23:35
Sedgwick St & Huron St,5,78,23,41.691211,-87.681297,5/7/2022 23:35
Sedgwick St & North Ave,6,57,14,41.691319,-87.712886,5/7/2022 23:35
Sedgwick St & Schiller St,6,45,11,41.717878,-87.564592,5/7/2022 23:35
Sedgwick St & Webster Ave,10,33,15,41.648501,-87.54609,5/7/2022 23:35
Seeley Ave & Garfield Blvd,9,40,15,41.713317,-87.551098,5/7/2022 23:35
Seeley Ave & Roscoe St,4,73,15,41.704587,-87.681203,5/7/2022 23:35
Shabbona Park,2,82,11,41.692395,-87.700961,5/7/2022 23:35
Shedd Aquarium,8,65,23,41.718963,-87.608296,5/7/2022 23:35
Sheffield Ave & Fullerton Ave,5,67,15,41.71371,-87.530844,5/7/2022 23:35
Sheffield Ave & Kingsbury St,11,21,14,41.656666,-87.598801,5/7/2022 23:35
Sheffield Ave & Waveland Ave,1,93,15,41.73238,-87.658069,5/7/2022 23:35
Sheffield Ave & Webster Ave,5,64,14,41.726166,-87.566276,5/7/2022 23:35
Sheffield Ave & Wellington Ave,5,67,15,41.69501,-87.598715,5/7/2022 23:35
Sheffield Ave & Willow St,12,14,14,41.709581,-87.590234,5/7/2022 23:35
Sheffield Ave & Wrightwood Ave,6,60,15,41.691774,-87.530431,5/7/2022 23:35
Sheridan Rd & Buena Ave,13,0,13,41.896617,-87.628579,5/7/2022 23:35
Sheridan Rd & Columbia Ave,9,36,14,41.94335,-87.670668,5/7/2022 23:35
Sheridan Rd & Greenleaf Ave,14,18,17,41.984044,-87.652281,5/7/2022 23:35
Sheridan Rd & Irving Park Rd,6,62,16,41.918296,-87.652183,5/7/2022 23:35
Sheridan Rd & Lawrence Ave,6,45,11,41.883602,-87.648627,5/7/2022 23:35
Sheridan Rd & Loyola Ave,2,89,18,41.885492,-87.652289,5/7/2022 23:35
Sheridan Rd & Montrose Ave,4,0,4,41.902901,-87.631282,5/7/2022 23:35
Sheridan Rd & Noyes St (NU),4,0,4,41.935581,-87.644042,5/7/2022 23:35
Shields Ave & 28th Pl,8,0,8,41.917805,-87.653449,5/7/2022 23:35
Shields Ave & 31st St,3,50,6,41.885586,-87.653189,5/7/2022 23:35
Shields Ave & 43rd St,4,33,6,41.883043,-87.649931,5/7/2022 23:35
Shore Dr & 55th St,0,100,6,41.885579,-87.648484,5/7/2022 23:35
Smith Park,8,0,8,41.944019,-87.663975,5/7/2022 23:35
South Chicago Ave & 83rd St,3,0,3,41.936226,-87.653768,5/7/2022 23:35
South Chicago Ave & Elliot Ave,4,20,5,41.895809,-87.678519,5/7/2022 23:35
South Shore Dr & 67th St,3,50,6,41.943838,-87.671469,5/7/2022 23:35
South Shore Dr & 71st St,3,40,5,41.692618,-87.628052,5/7/2022 23:35
South Shore Dr & 74th St,1,67,3,41.701217,-87.649345,5/7/2022 23:35
Southport Ave & Belmont Ave,6,0,6,41.679804,-87.620843,5/7/2022 23:35
Southport Ave & Clark St,6,40,10,41.688117,-87.53655,5/7/2022 23:35
Southport Ave & Clybourn Ave,2,78,9,41.705846,-87.717074,5/7/2022 23:35
Southport Ave & Irving Park Rd,6,0,6,41.694606,-87.601198,5/7/2022 23:35
Southport Ave & Roscoe St,3,70,10,41.707338,-87.59399,5/7/2022 23:35
Southport Ave & Waveland Ave,6,40,10,41.705588,-87.602938,5/7/2022 23:35
Southport Ave & Wellington Ave,1,83,6,41.653564,-87.617054,5/7/2022 23:35
Southport Ave & Wrightwood Ave,5,29,7,41.738246,-87.531067,5/7/2022 23:35
Spaulding Ave & 16th St,6,0,6,41.857989,-87.631945,5/7/2022 23:35
Spaulding Ave & 63rd St,0,100,9,41.703776,-87.701395,5/7/2022 23:35
Spaulding Ave & Armitage Ave,3,57,7,41.912281,-87.677321,5/7/2022 23:35
Spaulding Ave & Division St,8,0,8,41.932559,-87.642385,5/7/2022 23:35
Springfield Ave & 47th St,6,33,9,41.862355,-87.715711,5/7/2022 23:35
St Louis Ave & 59th St,9,0,9,41.866402,-87.730017,5/7/2022 23:35
St Louis Ave & Norman Bobbins Ave,8,11,9,41.853452,-87.724541,5/7/2022 23:35
St. Clair St & Erie St,5,44,9,41.844472,-87.723265,5/7/2022 23:35
St. Louis Ave & Balmoral Ave,5,38,8,41.851414,-87.73215,5/7/2022 23:35
St. Louis Ave & Fullerton Ave,8,33,12,41.838912,-87.716896,5/7/2022 23:35
State St & 123rd St,9,0,9,41.836708,-87.725641,5/7/2022 23:35
State St & 19th St,9,0,9,41.859161,-87.717696,5/7/2022 23:35
State St & 29th St,6,25,8,41.860777,-87.731364,5/7/2022 23:35
State St & 33rd St,5,44,9,41.868114,-87.710926,5/7/2022 23:35
State St & 35th St,5,38,8,41.844232,-87.732153,5/7/2022 23:35
State St & 54th St,6,33,9,41.85892,-87.707963,5/7/2022 23:35
State St & 76th St,6,25,8,41.836966,-87.730502,5/7/2022 23:35
State St & 79th St,9,0,9,41.930902,-87.778469,5/7/2022 23:35
State St & 95th St,9,0,9,41.927294,-87.785203,5/7/2022 23:35
State St & Chicago Ave,7,22,9,41.916905,-87.767181,5/7/2022 23:35
State St & Harrison St,8,11,9,41.923792,-87.772312,5/7/2022 23:35
State St & Kinzie St,9,0,9,41.930178,-87.766122,5/7/2022 23:35
State St & Pearson St,8,11,9,41.938307,-87.761663,5/7/2022 23:35
State St & Pershing Rd,8,11,9,41.922705,-87.760954,5/7/2022 23:35
State St & Randolph St,5,44,9,41.923982,-87.751164,5/7/2022 23:35
State St & Van Buren St,8,11,9,41.91667,-87.749487,5/7/2022 23:35
Stave St & Armitage Ave,9,0,9,41.927815,-87.758376,5/7/2022 23:35
Steelworkers Park,7,22,9,41.939011,-87.749283,5/7/2022 23:35
Stetson Ave & South Water St,5,17,6,41.94973,-87.746953,5/7/2022 23:35
Stewart Ave & 63rd St,9,0,9,41.942732,-87.739533,5/7/2022 23:35
Stewart Ave & 83rd St,9,0,9,41.934442,-87.73378,5/7/2022 23:35
Stockton Dr & Wrightwood Ave,8,11,9,41.930736,-87.744082,5/7/2022 23:35
Stony Island Ave & 64th St,12,0,12,41.92794,-87.735992,5/7/2022 23:35
Stony Island Ave & 67th St,6,25,8,41.922352,-87.739024,5/7/2022 23:35
Stony Island Ave & 71st St,8,11,9,41.938368,-87.772503,5/7/2022 23:35
Stony Island Ave & 75th St,7,12,8,41.934586,-87.795961,5/7/2022 23:35
Stony Island Ave & 82nd St,9,0,9,41.934741,-87.784402,5/7/2022 23:35
Stony Island Ave & 90th St,9,0,9,41.931008,-87.801065,5/7/2022 23:35
Stony Island Ave & South Chicago Ave,9,0,9,41.944966,-87.811899,5/7/2022 23:35
Streeter Dr & Grand Ave,8,11,9,41.947666,-87.829258,5/7/2022 23:35
Summit Ave & 86th St,7,22,9,41.944847,-87.799326,5/7/2022 23:35
Talman Ave & Addison St,9,0,9,41.942258,-87.766933,5/7/2022 23:35
Theater on the Lake,7,22,9,41.940128,-87.786481,5/7/2022 23:35
Throop St & 52nd St,7,22,9,41.953038,-87.762163,5/7/2022 23:35
Throop St & Taylor St,6,33,9,41.941606,-87.807296,5/7/2022 23:35
Torrence Ave & 106th St,2,78,9,41.944885,-87.82423,5/7/2022 23:35
Torrence Ave & 126th Pl,6,33,9,41.952037,-87.833283,5/7/2022 23:35
Tripp Ave & 15th St,7,12,8,41.953257,-87.807143,5/7/2022 23:35
Tripp Ave & 31st St,9,0,9,41.948853,-87.806938,5/7/2022 23:35
Tripp Ave & 65th St,7,12,8,41.945917,-87.778882,5/7/2022 23:35
Troy Ave & 27th St,9,0,9,41.952614,-87.785383,5/7/2022 23:35
Troy St & Elston Ave,5,17,6,41.895209,-87.717433,5/7/2022 23:35
Troy St & Grace St,7,12,8,41.8952,-87.748223,5/7/2022 23:35
Troy St & Jackson Blvd,9,0,9,41.902393,-87.733598,5/7/2022 23:35
Troy St & North Ave,5,44,9,41.902134,-87.750952,5/7/2022 23:35
Union Ave & Root St,8,11,9,41.902269,-87.770481,5/7/2022 23:35
University Ave & 57th St,9,0,9,41.90584,-87.75486,5/7/2022 23:35
University Library (NU),9,0,9,41.912592,-87.7687,5/7/2022 23:35
Valli Produce - Evanston Plaza,8,11,9,41.915893,-87.78511,5/7/2022 23:35
Vernon Ave & 107th St,6,33,9,41.90922,-87.797141,5/7/2022 23:35
Vernon Ave & 75th St,9,0,9,41.891872,-87.716388,5/7/2022 23:35
Vernon Ave & 79th St,8,11,9,41.898911,-87.71649,5/7/2022 23:35
Vincennes Ave & 104th St,6,33,9,41.895436,-87.733573,5/7/2022 23:35
Vincennes Ave & 75th St,6,25,8,41.898661,-87.755455,5/7/2022 23:35
Virginia Ave & Catalpa Ave,1,89,9,41.912778,-87.743643,5/7/2022 23:35
W 103rd St & S Avers Ave,8,11,9,41.909212,-87.760999,5/7/2022 23:35
W Armitage Ave & N Sheffield Ave,9,0,9,41.912074,-87.805766,5/7/2022 23:35
W Oakdale Ave & N Broadway,7,22,9,41.909717,-87.770204,5/7/2022 23:35
W Washington Blvd & N Peoria St,7,22,9,41.922278,-87.802036,5/7/2022 23:35
Wabash Ave & 16th St,4,33,6,41.790348,-87.68892,5/7/2022 23:35
Wabash Ave & 83rd St,6,25,8,41.785987,-87.710562,5/7/2022 23:35
Wabash Ave & 87th St,5,44,9,41.786516,-87.697331,5/7/2022 23:35
Wabash Ave & 9th St,3,67,9,41.786338,-87.687435,5/7/2022 23:35
Wabash Ave & Adams St,4,56,9,41.771579,-87.693357,5/7/2022 23:35
Wabash Ave & Cermak Rd,6,0,6,41.77879,-87.688589,5/7/2022 23:35
Wabash Ave & Grand Ave,6,33,9,41.775144,-87.708129,5/7/2022 23:35
Wabash Ave & Roosevelt Rd,6,33,9,41.823324,-87.689685,5/7/2022 23:35
Wabash Ave & Wacker Pl,6,33,9,41.813617,-87.693227,5/7/2022 23:35
Wacker Dr & Washington St,6,33,9,41.808424,-87.696619,5/7/2022 23:35
Walden Pkwy & 100th St,0,100,12,41.804752,-87.704114,5/7/2022 23:35
Wallace St & 35th St,5,38,8,41.800958,-87.686756,5/7/2022 23:35
Walsh Park,6,33,9,41.799064,-87.703446,5/7/2022 23:35
Warren Park East,5,44,9,41.794422,-87.71137,5/7/2022 23:35
Warren Park West,8,27,11,41.794014,-87.685807,5/7/2022 23:35
Washtenaw Ave & Lawrence Ave,8,11,9,41.779166,-87.705639,5/7/2022 23:35
Washtenaw Ave & Madison St,5,44,9,41.832024,-87.677839,5/7/2022 23:35
Washtenaw Ave & Ogden Ave,4,33,6,41.81139,-87.704005,5/7/2022 23:35
Washtenaw Ave & Peterson Ave,6,33,9,41.82823,-87.694542,5/7/2022 23:35
Washtenaw Ave & Polk St,4,56,9,41.822279,-87.699658,5/7/2022 23:35
Wells St & 19th St,4,33,6,41.815491,-87.702441,5/7/2022 23:35
Wells St & Concord Ln,5,44,9,41.789944,-87.703233,5/7/2022 23:35
Wells St & Elm St,7,22,9,41.780985,-87.68342,5/7/2022 23:35
Wells St & Evergreen Ave,8,27,11,41.800434,-87.72475,5/7/2022 23:35
Wells St & Hubbard St,6,33,9,41.80934,-87.747831,5/7/2022 23:35
Wells St & Huron St,2,78,9,41.802209,-87.748901,5/7/2022 23:35
Wells St & Polk St,7,22,9,41.793357,-87.730598,5/7/2022 23:35
Wells St & Walton St,9,0,9,41.784186,-87.722564,5/7/2022 23:35
Wentworth Ave & 104th St,6,0,6,41.807526,-87.730841,5/7/2022 23:35
Wentworth Ave & 24th St (Temp),6,33,9,41.778747,-87.732463,5/7/2022 23:35
Wentworth Ave & 33rd St,7,22,9,41.793279,-87.724189,5/7/2022 23:35
Wentworth Ave & 35th St,6,50,12,41.779953,-87.717822,5/7/2022 23:35
Wentworth Ave & 63rd St,6,33,9,41.774916,-87.728841,5/7/2022 23:35
Wentworth Ave & Cermak Rd,5,44,9,41.808071,-87.72122,5/7/2022 23:35
Western & 28th - Velasquez Institute Vaccination Site,4,56,9,41.816276,-87.724606,5/7/2022 23:35
Western Ave & 104th St,5,17,6,41.802316,-87.734414,5/7/2022 23:35
Western Ave & 111th St,5,44,9,41.834108,-87.67559,5/7/2022 23:35
Western Ave & 21st St,5,44,9,41.886528,-87.70167,5/7/2022 23:35
Western Ave & 24th St,6,0,6,41.884606,-87.685853,5/7/2022 23:35
Western Ave & 62nd St,9,0,9,41.881286,-87.69396,5/7/2022 23:35
Western Ave & Ardmore Ave,4,56,9,41.877505,-87.70485,5/7/2022 23:35
Western Ave & Congress Pkwy,6,0,6,41.877507,-87.6974,5/7/2022 23:35
Western Ave & Division St,9,0,9,41.870959,-87.700259,5/7/2022 23:35
Western Ave & Fillmore St,6,33,9,41.871103,-87.693683,5/7/2022 23:35
Western Ave & Grace St,4,56,9,41.86314,-87.703022,5/7/2022 23:35
Western Ave & Granville Ave,3,62,8,41.85936,-87.70302,5/7/2022 23:35
Western Ave & Gunnison St,4,56,9,41.846506,-87.700139,5/7/2022 23:35
Western Ave & Howard St,7,12,8,41.851644,-87.690621,5/7/2022 23:35
Western Ave & Lake St,9,0,9,41.859228,-87.695562,5/7/2022 23:35
Western Ave & Leland Ave,5,44,9,41.866554,-87.701329,5/7/2022 23:35
Western Ave & Lunt Ave,7,0,7,41.924691,-87.70055,5/7/2022 23:35
Western Ave & Monroe St,8,11,9,41.913959,-87.699368,5/7/2022 23:35
Western Ave & Roscoe St,7,22,9,41.95039,-87.688234,5/7/2022 23:35
Western Ave & Walton St,9,0,9,41.94609,-87.702988,5/7/2022 23:35
Western Ave & Winnebago Ave,9,0,9,41.941499,-87.701051,5/7/2022 23:35
Western Blvd & 48th Pl,9,0,9,41.939638,-87.705263,5/7/2022 23:35
Whipple St & Roosevelt Rd,8,0,8,41.938689,-87.692972,5/7/2022 23:35
Whipple/Irving Park,8,0,8,41.933886,-87.707262,5/7/2022 23:35
Wilton Ave & Belmont Ave,8,11,9,41.953634,-87.690782,5/7/2022 23:35
Wilton Ave & Diversey Pkwy,9,0,9,41.957573,-87.69783,5/7/2022 23:35
Winchester (Ravenswood) Ave & Balmoral Ave,7,22,9,41.981246,-87.704892,5/7/2022 23:35
Winchester Ave & Elston Ave,6,25,8,41.979461,-87.693013,5/7/2022 23:35
Winthrop Ave & Lawrence Ave,5,17,6,41.974712,-87.697852,5/7/2022 23:35
Wolcott (Ravenswood) Ave & Montrose Ave,9,0,9,41.972177,-87.702749,5/7/2022 23:35
Wolcott Ave & Fargo Ave,5,44,9,41.969659,-87.68955,5/7/2022 23:35
Wolcott Ave & Polk St,9,0,9,41.84265,-87.70401,5/7/2022 23:35
Wood St & 35th St,7,22,9,41.840222,-87.694129,5/7/2022 23:35
Wood St & Augusta Blvd,6,33,9,41.961047,-87.700901,5/7/2022 23:35
Wood St & Chicago Ave,4,33,6,41.934003,-87.690823,5/7/2022 23:35
Wood St & Hubbard St,9,0,9,41.984746,-87.701593,5/7/2022 23:35
Wood St & Milwaukee Ave,5,17,6,41.988281,-87.703034,5/7/2022 23:35
Wood St & Taylor St (Temp),8,11,9,41.950244,-87.706489,5/7/2022 23:35
Woodlawn & 103rd - Olive Harvey Vaccination Site,6,25,8,41.99066,-87.697075,5/7/2022 23:35
Woodlawn Ave & 55th St,6,25,8,41.990247,-87.70858,5/7/2022 23:35
Woodlawn Ave & 75th St,6,33,9,41.986764,-87.68988,5/7/2022 23:35
Woodlawn Ave & Lake Park Ave,9,0,9,41.954189,-87.704448,5/7/2022 23:35
Yates Blvd & 75th St,9,0,9,41.865816,-87.77178,5/7/2022 23:35
Yates Blvd & 93rd St,0,100,9,41.839253,-87.702021,5/7/2022 23:35
